[{
	"7.3": {
		"security": "6 Dec 2020",
		"end": "6 Dec 2021"
	},
	"7.2": {
		"security": "30 Nov 2019",
		"end": "30 Nov 2020"
	},
	"7.1": {
		"security": "1 Dec 2018",
		"end": "1 Dec 2019"
	},
	"7.0": {
		"security": "3 Dec 2017",
		"end": "3 Dec 2018"
	},
	"5.6": {
		"security": "19 Jan 2017",
		"end": "31 Dec 2018"
	},
	"5.5": {
		"security": "10 Jul 2015",
		"end": "10 Jul 2016"
	},
	"5.4": {
		"security": "14 Sep 2014",
		"end": "14 Sep 2015"
	},
	"5.3": {
		"end": "14 Aug 2014"
	},
	"5.2": {
		"end": "6 Jan 2011"
	}
}]